FemaleRetentionRate,MaleRetentionRate,year
1.0,1.0,2005-2006
1.0,1.0,2006-2007
0.6084656084656085,0.9916820702402958,2007-2008
0.259391771019678,0.7064421669106882,2008-2009
0.7214983713355049,0.6869594145043247,2009-2010
0.5458715596330275,0.6137537374286491,2010-2011
0.7906976744186046,0.6749941629698809,2011-2012
0.8450184501845018,0.7888059701492537,2012-2013
0.5361813426329556,0.529462888927516,2013-2014
0.5491293532338308,0.5836411609498681,2014-2015
1.0,1.0,2015-2016
1.0,1.0,2016-2017
