FemaleRetentionRate,MaleRetentionRate,year
1.0,1.0,2004
0.95,0.9590909090909091,2005
0.9166666666666666,0.955719557195572,2006
0.8977272727272727,0.9575577066269546,2007
0.9186046511627907,0.9552874378992193,2008
0.8670212765957447,0.9476327116212339,2009
1.0,1.0,2010
0.9665653495440729,0.9725022914757103,2011
1.0,1.0,2012
0.9734848484848485,0.9828277046365197,2013
0.9006622516556292,0.8639319659829915,2014
0.9105263157894737,0.911184991688435,2015
0.8805309734513275,0.8750851692028163,2016
